,dft,c,bv,ang
original_1.vasp,-4642.63536077,328,0.57782,28
original_2.vasp,-4642.61612058,328,0.59434,32
original_3.vasp,-4642.59341369,332,0.65032,32
original_4.vasp,-4642.634047,320,0.58117,30
original_5.vasp,-4642.57312147,328,0.64733,34
original_6.vasp,-4642.53109567,344,0.69033,34
original_7.vasp,-4642.57616976,332,0.62994,34
original_8.vasp,-4642.62994466,324,0.58467,32
original_9.vasp,-4642.56347281,332,0.65597,32
original_10.vasp,-4642.61616663,328,0.58684,32
original_11.vasp,-4642.55473291,336,0.68926,33
original_12.vasp,-4642.51107754,336,0.70795,36
original_13.vasp,-4642.66569932,316,0.56255,32
original_14.vasp,-4642.6341739,320,0.59574,32
original_15.vasp,-4642.63544729,328,0.5775,28
original_16.vasp,-4642.59792296,336,0.63018,32
original_17.vasp,-4642.68366883,312,0.54326,28
original_18.vasp,-4642.55817467,336,0.66094,34
original_19.vasp,-4642.55432598,344,0.67708,32
original_20.vasp,-4642.54588358,348,0.6601,34
original_21.vasp,-4642.64438722,320,0.59036,32
original_22.vasp,-4642.67030377,316,0.55436,30
original_23.vasp,-4642.62712418,324,0.61394,32
original_24.vasp,-4642.5914542,336,0.60975,32
original_25.vasp,-4642.6226864,320,0.61867,32
original_26.vasp,-4642.65213957,320,0.57548,32
original_27.vasp,-4642.63712304,324,0.58685,28
original_28.vasp,-4642.59695913,336,0.62782,32
original_29.vasp,-4642.62189344,328,0.58229,30
original_30.vasp,-4642.65900631,320,0.5572,28
original_31.vasp,-4642.62925949,324,0.60521,32
original_32.vasp,-4642.55890791,340,0.62572,34
original_33.vasp,-4642.61015355,324,0.63727,32
original_34.vasp,-4642.64945423,320,0.59208,32
original_35.vasp,-4642.60007506,336,0.61014,30
original_36.vasp,-4642.63712759,320,0.58726,34
original_37.vasp,-4642.65157762,320,0.56819,28
original_38.vasp,-4642.57997444,340,0.64666,32
original_39.vasp,-4642.62958063,328,0.58612,30
original_40.vasp,-4642.58590654,332,0.62682,34
original_41.vasp,-4642.58852623,324,0.62852,34
original_42.vasp,-4642.61770171,320,0.63821,32
original_43.vasp,-4642.65429558,320,0.56451,30
original_44.vasp,-4642.67258191,316,0.55987,30
original_45.vasp,-4642.63136152,320,0.57918,32
original_46.vasp,-4642.61977222,328,0.61055,32
original_47.vasp,-4642.59349508,328,0.65155,34
original_48.vasp,-4642.6123776,324,0.62252,34
original_49.vasp,-4642.61732675,320,0.59081,36
original_50.vasp,-4642.58726011,324,0.61902,34
original_51.vasp,-4642.64223104,320,0.60516,32
original_52.vasp,-4642.62363834,328,0.61832,30
original_53.vasp,-4642.63715292,324,0.6014,32
original_54.vasp,-4642.58858576,336,0.62969,32
original_55.vasp,-4642.59979347,332,0.59921,32
original_56.vasp,-4642.65004183,320,0.59597,30
original_57.vasp,-4642.62676505,328,0.61565,30
original_58.vasp,-4642.58075606,336,0.66234,29
original_59.vasp,-4642.63703426,324,0.58197,30
original_60.vasp,-4642.62804004,328,0.60957,30
original_61.vasp,-4642.56986959,332,0.6547,34
original_62.vasp,-4642.67011913,320,0.56948,30
original_63.vasp,-4642.57312144,328,0.64733,34
original_64.vasp,-4642.65607983,316,0.54856,32
original_65.vasp,-4642.62380485,328,0.62168,30
original_66.vasp,-4642.657313,324,0.59147,30
original_67.vasp,-4642.57562205,336,0.6299,34
original_68.vasp,-4642.53341273,332,0.6741,38
original_69.vasp,-4642.61402863,320,0.61863,32
original_70.vasp,-4642.54588358,348,0.6601,34
original_71.vasp,-4642.56070425,340,0.67336,34
original_72.vasp,-4642.66461293,316,0.56736,30
original_73.vasp,-4642.5850548,336,0.61875,34
original_74.vasp,-4642.65575057,316,0.57515,30
original_75.vasp,-4642.57693749,324,0.65133,34
original_76.vasp,-4642.63866816,328,0.6187,30
original_77.vasp,-4642.56110266,336,0.66148,34
original_78.vasp,-4642.61650017,324,0.60662,32
original_79.vasp,-4642.61032701,328,0.60604,32
original_80.vasp,-4642.63676236,324,0.59074,30
original_81.vasp,-4642.5234475,348,0.70563,34
original_82.vasp,-4642.65481544,324,0.56225,30
original_83.vasp,-4642.68526963,312,0.53498,28
original_84.vasp,-4642.61481307,328,0.61989,32
original_85.vasp,-4642.67573575,316,0.53369,28
original_86.vasp,-4642.5864575,332,0.65714,30
original_87.vasp,-4642.64436266,320,0.59209,28
original_88.vasp,-4642.63365563,320,0.6027,32
original_89.vasp,-4642.65977764,320,0.55814,28
original_90.vasp,-4642.6866432,312,0.53056,30
original_91.vasp,-4642.6170833,328,0.62473,29
original_92.vasp,-4642.59992124,320,0.62444,32
original_93.vasp,-4642.627632,324,0.60471,34
original_94.vasp,-4642.59381472,324,0.59683,30
original_95.vasp,-4642.66094517,320,0.5295,28
original_96.vasp,-4642.65269194,324,0.56335,30
original_97.vasp,-4642.59702203,332,0.61803,32
original_98.vasp,-4642.63644724,324,0.59341,30
original_99.vasp,-4642.59620412,324,0.57848,33
original_100.vasp,-4642.55316884,344,0.6546,34
original_101.vasp,-4642.62227994,328,0.62046,30
original_102.vasp,-4642.58775111,332,0.62566,32
original_103.vasp,-4642.58953985,332,0.62755,34
original_104.vasp,-4642.67146854,316,0.55856,30
original_105.vasp,-4642.64124889,324,0.61053,30
original_106.vasp,-4642.59015705,336,0.62395,32
original_107.vasp,-4642.61084089,332,0.61059,32
original_108.vasp,-4642.58508668,336,0.61871,34
original_109.vasp,-4642.64721399,324,0.57293,30
original_110.vasp,-4642.65259623,320,0.5773,32
original_111.vasp,-4642.55124723,344,0.65626,34
original_112.vasp,-4642.58330512,328,0.64378,32
original_113.vasp,-4642.58323599,332,0.63123,34
original_114.vasp,-4642.62439912,328,0.61263,32
original_115.vasp,-4642.58494304,324,0.63402,34
original_116.vasp,-4642.65607983,316,0.54856,32
original_117.vasp,-4642.57325671,336,0.65377,34
original_118.vasp,-4642.61969188,324,0.62399,32
original_119.vasp,-4642.63404285,320,0.59859,32
original_120.vasp,-4642.62329517,324,0.61657,32
original_121.vasp,-4642.63175615,320,0.60709,32
original_122.vasp,-4642.62866034,324,0.6208,32
original_123.vasp,-4642.55432598,344,0.67709,32
original_124.vasp,-4642.6600223,320,0.56217,30
original_125.vasp,-4642.66481683,316,0.5524,30
original_126.vasp,-4642.60179569,332,0.61436,32
original_127.vasp,-4642.6248852,320,0.57794,32
original_128.vasp,-4642.6196458,332,0.57497,28
original_129.vasp,-4642.61425812,328,0.59064,31
original_130.vasp,-4642.61975992,328,0.59039,32
original_131.vasp,-4642.65636627,316,0.55436,30
original_132.vasp,-4642.61097256,324,0.62738,34
original_133.vasp,-4642.61457002,332,0.58751,30
original_134.vasp,-4642.62422234,328,0.60382,32
original_135.vasp,-4642.65732383,316,0.56432,28
original_136.vasp,-4642.63229708,324,0.59336,32
original_137.vasp,-4642.57027991,340,0.6688,33
original_138.vasp,-4642.62476661,328,0.59779,32
original_139.vasp,-4642.6232326,324,0.5623,34
original_140.vasp,-4642.55644739,348,0.65206,31
original_141.vasp,-4642.62792222,324,0.61047,34
original_142.vasp,-4642.53447835,352,0.68891,34
original_143.vasp,-4642.65421716,320,0.56242,31
original_144.vasp,-4642.58225746,336,0.63215,34
original_145.vasp,-4642.59020907,336,0.63284,32
original_146.vasp,-4642.63537641,324,0.57072,30
original_147.vasp,-4642.64590772,324,0.55476,30
original_148.vasp,-4642.61527037,332,0.57644,28
original_149.vasp,-4642.59383899,336,0.6299,31
original_150.vasp,-4642.6388623,324,0.56859,30
original_151.vasp,-4642.54702357,344,0.68179,34
original_152.vasp,-4642.64007844,324,0.57036,30
original_153.vasp,-4642.65625857,324,0.56428,30
original_154.vasp,-4642.59128266,336,0.61876,33
original_155.vasp,-4642.58666396,336,0.67586,29
original_156.vasp,-4642.57233297,344,0.64337,32
original_157.vasp,-4642.68301954,312,0.52418,28
original_158.vasp,-4642.63612554,320,0.56207,32
original_159.vasp,-4642.60572724,328,0.62516,34
original_160.vasp,-4642.56925691,340,0.65253,34
original_161.vasp,-4642.54702353,344,0.68179,34
original_162.vasp,-4642.67344975,320,0.56534,28
original_163.vasp,-4642.6187173,332,0.60526,30
original_164.vasp,-4642.62470524,328,0.60444,32
original_165.vasp,-4642.57376955,340,0.6404,34
original_166.vasp,-4642.61017323,320,0.62911,34
original_167.vasp,-4642.56140395,344,0.64612,34
original_168.vasp,-4642.65387358,312,0.54188,33
original_169.vasp,-4642.59356159,340,0.62021,30
original_170.vasp,-4642.58363583,336,0.6354,34
original_171.vasp,-4642.61846174,328,0.60768,32
original_172.vasp,-4642.61066274,328,0.62478,30
original_173.vasp,-4642.58184117,328,0.64297,34
original_174.vasp,-4642.59749395,332,0.64896,33
original_175.vasp,-4642.62404863,328,0.58179,30
original_176.vasp,-4642.67378746,316,0.54315,30
original_177.vasp,-4642.59195074,336,0.6049,32
original_178.vasp,-4642.61960474,324,0.60487,31
original_179.vasp,-4642.62848584,332,0.57833,32
original_180.vasp,-4642.64729875,324,0.58083,30
original_181.vasp,-4642.55172354,332,0.71458,36
original_182.vasp,-4642.66324977,320,0.56216,30
original_183.vasp,-4642.6392912,320,0.58273,30
original_184.vasp,-4642.5849098,332,0.65123,34
original_185.vasp,-4642.59798474,332,0.60235,32
original_186.vasp,-4642.59344499,336,0.61546,32
original_187.vasp,-4642.59148333,320,0.64989,34
original_188.vasp,-4642.66192103,312,0.51935,32
original_189.vasp,-4642.61858866,328,0.62462,30
original_190.vasp,-4642.57749145,340,0.62235,32
original_191.vasp,-4642.60843602,328,0.60017,32
original_192.vasp,-4642.62113565,324,0.6281,33
original_193.vasp,-4642.58077132,344,0.61926,32
original_194.vasp,-4642.64346266,324,0.58364,30
original_195.vasp,-4642.60289939,336,0.62797,32
original_196.vasp,-4642.60492731,328,0.64273,32
original_197.vasp,-4642.63265721,328,0.59785,32
original_198.vasp,-4642.59816839,336,0.62215,32
original_199.vasp,-4642.64529075,320,0.57586,31
original_200.vasp,-4642.63677928,324,0.588,28
original_201.vasp,-4642.84481564,288,0.11575,32
ig_1.vasp,-4642.63441221,324,0.58805,28
ig_2.vasp,-4642.59116407,328,0.61642,34
ig_3.vasp,-4642.62917547,328,0.58765,32
ig_4.vasp,-4642.66620764,320,0.57585,30
ig_5.vasp,-4642.66488779,320,0.56779,28
ig_6.vasp,-4642.58384428,332,0.63461,34
ig_7.vasp,-4642.662352,324,0.58633,28
ig_8.vasp,-4642.6334216,320,0.57211,32
ig_9.vasp,-4642.68368319,312,0.54249,28
ig_10.vasp,-4642.61243586,316,0.61583,30
ig_11.vasp,-4642.6291494,316,0.55988,34
ig_12.vasp,-4642.63714785,320,0.58636,32
ig_13.vasp,-4642.57970632,340,0.63003,30
ig_14.vasp,-4642.60465218,336,0.62026,30
ig_15.vasp,-4642.56559332,340,0.64007,34
ig_16.vasp,-4642.59116811,328,0.61679,34
ig_17.vasp,-4642.61989596,316,0.61026,32
ig_18.vasp,-4642.63336966,324,0.58066,32
ig_19.vasp,-4642.5799896,336,0.61992,34
ig_20.vasp,-4642.59933238,328,0.59051,32
ig_21.vasp,-4642.6262451,324,0.57725,32
ig_22.vasp,-4642.63401731,328,0.61074,30
ig_23.vasp,-4642.61561534,332,0.62472,30
ig_24.vasp,-4642.62522102,332,0.61333,30
ig_25.vasp,-4642.63421134,324,0.56659,30
ig_26.vasp,-4642.61690096,320,0.58011,30
ig_27.vasp,-4642.63830086,324,0.59314,32
ig_28.vasp,-4642.58163993,336,0.63237,34
ig_29.vasp,-4642.66053447,316,0.5679,32
ig_30.vasp,-4642.63684305,320,0.58239,30
ig_31.vasp,-4642.66620764,320,0.57585,30
ig_32.vasp,-4642.58661503,340,0.60408,30
ig_33.vasp,-4642.6393322,320,0.58743,32
ig_34.vasp,-4642.62281721,324,0.62855,32
ig_35.vasp,-4642.61500957,328,0.59561,32
ig_36.vasp,-4642.63709842,328,0.58421,30
ig_37.vasp,-4642.64016405,324,0.5841,32
ig_38.vasp,-4642.6422298,320,0.60514,32
ig_39.vasp,-4642.59315167,328,0.63262,32
ig_40.vasp,-4642.64530761,324,0.62505,30
ig_41.vasp,-4642.56559331,340,0.64007,34
ig_42.vasp,-4642.58486656,336,0.61933,32
ig_43.vasp,-4642.58078278,336,0.66323,29
ig_44.vasp,-4642.63239364,320,0.60391,32
ig_45.vasp,-4642.68905281,320,0.55302,26
ig_46.vasp,-4642.61477512,324,0.61981,34
ig_47.vasp,-4642.55798764,336,0.67621,34
ig_48.vasp,-4642.57020315,332,0.6444,30
ig_49.vasp,-4642.6367619,324,0.59066,30
ig_50.vasp,-4642.6242672,332,0.61953,30
ig_51.vasp,-4642.60857647,332,0.60492,30
ig_52.vasp,-4642.60319375,324,0.59997,30
ig_53.vasp,-4642.66497388,320,0.57725,28
ig_54.vasp,-4642.60917941,316,0.59484,32
ig_55.vasp,-4642.55306753,340,0.67465,34
ig_56.vasp,-4642.6323414,324,0.60692,30
ig_57.vasp,-4642.6136641,320,0.62592,32
ig_58.vasp,-4642.66126597,312,0.54366,28
ig_59.vasp,-4642.581434,324,0.63411,34
ig_60.vasp,-4642.64541178,320,0.56211,32
ig_61.vasp,-4642.6216365,320,0.57957,34
ig_62.vasp,-4642.58301521,336,0.64789,32
ig_63.vasp,-4642.57200183,340,0.63601,32
ig_64.vasp,-4642.6260553,324,0.59991,30
ig_65.vasp,-4642.59330012,340,0.6269,30
ig_66.vasp,-4642.69148277,316,0.53142,26
ig_67.vasp,-4642.59659908,336,0.63906,34
ig_68.vasp,-4642.65024286,316,0.55886,32
ig_69.vasp,-4642.60229927,332,0.63172,32
ig_70.vasp,-4642.56103729,324,0.61682,38
ig_71.vasp,-4642.64829517,324,0.58641,30
ig_72.vasp,-4642.60091711,332,0.61661,30
ig_73.vasp,-4642.57091272,332,0.62534,32
ig_74.vasp,-4642.662352,324,0.58633,28
ig_75.vasp,-4642.63006082,320,0.59053,33
ig_76.vasp,-4642.51506006,348,0.69302,36
ig_77.vasp,-4642.64607678,320,0.57644,32
ig_78.vasp,-4642.59255978,320,0.62237,32
ig_79.vasp,-4642.59384745,336,0.61221,30
ig_80.vasp,-4642.6344898,328,0.603,30
ig_81.vasp,-4642.65467784,320,0.55533,30
ig_82.vasp,-4642.64235112,320,0.58282,32
ig_83.vasp,-4642.62254799,320,0.60345,32
ig_84.vasp,-4642.65758567,316,0.57688,32
ig_85.vasp,-4642.59349822,328,0.65157,34
ig_86.vasp,-4642.65553878,316,0.57703,32
ig_87.vasp,-4642.61280178,324,0.62102,32
ig_88.vasp,-4642.6340084,324,0.59621,32
ig_89.vasp,-4642.58344965,332,0.65136,34
ig_90.vasp,-4642.66579407,324,0.54897,26
ig_91.vasp,-4642.57737117,344,0.63353,32
ig_92.vasp,-4642.65679101,320,0.56218,28
ig_93.vasp,-4642.60312419,324,0.62557,34
ig_94.vasp,-4642.53582613,348,0.6655,34
ig_95.vasp,-4642.57243633,340,0.66989,34
ig_96.vasp,-4642.60658281,328,0.63745,32
ig_97.vasp,-4642.65064823,320,0.57845,28
ig_98.vasp,-4642.54875733,344,0.68588,32
ig_99.vasp,-4642.67271283,320,0.58026,28
ig_100.vasp,-4642.52308552,328,0.65387,34
ig_101.vasp,-4642.58503783,340,0.67708,30
ig_102.vasp,-4642.64447254,324,0.59934,30
ig_103.vasp,-4642.64707144,320,0.57583,32
ig_104.vasp,-4642.66848233,312,0.52152,34
ig_105.vasp,-4642.64457114,320,0.5638,32
ig_106.vasp,-4642.58797821,328,0.61465,32
ig_107.vasp,-4642.61925178,324,0.6228,32
ig_108.vasp,-4642.60540622,332,0.62552,30
ig_109.vasp,-4642.60815459,328,0.64709,32
ig_110.vasp,-4642.58368374,324,0.58325,30
ig_111.vasp,-4642.58140145,328,0.60653,32
ig_112.vasp,-4642.65918831,316,0.54228,32
ig_113.vasp,-4642.57408873,328,0.63312,34
ig_114.vasp,-4642.64814472,316,0.5737,30
ig_115.vasp,-4642.6150439,324,0.59298,32
ig_116.vasp,-4642.63532941,324,0.61599,30
ig_117.vasp,-4642.61206274,324,0.60216,32
ig_118.vasp,-4642.57622713,332,0.65008,34
ig_119.vasp,-4642.65179308,320,0.58814,30
ig_120.vasp,-4642.64734604,324,0.58058,30
ig_121.vasp,-4642.61283599,328,0.59748,32
ig_122.vasp,-4642.62439676,324,0.61481,32
ig_123.vasp,-4642.63266042,324,0.62792,30
ig_124.vasp,-4642.57731904,328,0.62673,35
ig_125.vasp,-4642.57737118,344,0.63353,32
ig_126.vasp,-4642.61323755,332,0.61369,32
ig_127.vasp,-4642.64453046,320,0.61079,32
ig_128.vasp,-4642.55766986,320,0.6473,36
ig_129.vasp,-4642.6218928,328,0.58234,30
ig_130.vasp,-4642.63575376,320,0.58383,32
ig_131.vasp,-4642.52129722,344,0.68463,33
ig_132.vasp,-4642.57091274,332,0.62534,32
ig_133.vasp,-4642.67147318,316,0.55828,30
ig_134.vasp,-4642.65006727,324,0.59336,30
ig_135.vasp,-4642.64705624,324,0.56877,28
ig_136.vasp,-4642.64683166,324,0.62306,30
ig_137.vasp,-4642.65158901,328,0.58275,28
ig_138.vasp,-4642.67587138,316,0.53076,30
ig_139.vasp,-4642.52305337,332,0.66697,38
ig_140.vasp,-4642.54820478,344,0.65319,34
ig_141.vasp,-4642.63696943,324,0.60637,30
ig_142.vasp,-4642.64438551,320,0.59043,32
ig_143.vasp,-4642.61616487,328,0.58693,32
ig_144.vasp,-4642.61561534,332,0.62472,30
ig_145.vasp,-4642.65071199,320,0.59933,30
ig_146.vasp,-4642.62653501,324,0.6034,30
ig_147.vasp,-4642.58558223,336,0.62701,32
ig_148.vasp,-4642.6706912,324,0.5818,28
ig_149.vasp,-4642.6123491,328,0.63754,30
ig_150.vasp,-4642.60990434,328,0.60357,32
ig_151.vasp,-4642.59157636,332,0.62075,32
ig_152.vasp,-4642.67943358,316,0.53733,28
ig_153.vasp,-4642.62186571,328,0.61876,32
ig_154.vasp,-4642.6351205,324,0.59421,28
ig_155.vasp,-4642.62936381,328,0.60875,30
ig_156.vasp,-4642.64861039,316,0.54367,34
ig_157.vasp,-4642.61323937,316,0.57875,36
ig_158.vasp,-4642.60815434,328,0.6471,32
ig_159.vasp,-4642.49192605,336,0.70847,38
ig_160.vasp,-4642.59029117,324,0.61885,34
ig_161.vasp,-4642.6026922,332,0.62242,32
ig_162.vasp,-4642.56048271,332,0.66449,34
ig_163.vasp,-4642.57015745,324,0.65304,34
ig_164.vasp,-4642.64724916,324,0.55547,28
ig_165.vasp,-4642.60739784,316,0.58747,30
ig_166.vasp,-4642.64590342,316,0.57122,30
ig_167.vasp,-4642.57568544,336,0.6389,32
ig_168.vasp,-4642.65920117,316,0.59368,30
ig_169.vasp,-4642.58640606,320,0.63781,32
ig_170.vasp,-4642.63862818,324,0.58752,30
ig_171.vasp,-4642.6221123,328,0.60916,32
ig_172.vasp,-4642.63933225,320,0.58742,32
ig_173.vasp,-4642.64442131,324,0.58404,30
ig_174.vasp,-4642.66365123,324,0.59071,28
ig_175.vasp,-4642.6439541,328,0.5754,28
ig_176.vasp,-4642.56551322,340,0.6301,32
ig_177.vasp,-4642.63825254,324,0.57807,32
ig_178.vasp,-4642.61592263,332,0.59616,32
ig_179.vasp,-4642.68905281,320,0.55302,26
ig_180.vasp,-4642.59145403,336,0.60964,32
ig_181.vasp,-4642.66281146,316,0.55612,30
ig_182.vasp,-4642.6841726,320,0.57411,28
ig_183.vasp,-4642.58541284,336,0.63112,32
ig_184.vasp,-4642.65481539,324,0.56214,30
ig_185.vasp,-4642.66053448,316,0.5679,32
ig_186.vasp,-4642.6343505,324,0.58428,30
ig_187.vasp,-4642.56075084,332,0.6346,34
ig_188.vasp,-4642.58682374,332,0.62252,32
ig_189.vasp,-4642.62736216,320,0.59384,32
ig_190.vasp,-4642.65158105,320,0.56804,28
ig_191.vasp,-4642.59158467,332,0.61085,32
ig_192.vasp,-4642.63277882,324,0.59845,30
ig_193.vasp,-4642.6755368,320,0.56704,28
ig_194.vasp,-4642.63610031,324,0.58958,30
ig_195.vasp,-4642.58590569,336,0.62592,32
ig_196.vasp,-4642.66200611,320,0.55574,28
ig_197.vasp,-4642.63256589,328,0.58174,28
ig_198.vasp,-4642.54758527,332,0.66663,36
ig_199.vasp,-4642.6769422,320,0.53941,26
ig_200.vasp,-4642.60295174,336,0.61712,32
ig_201.vasp,-4642.52879528,328,0.6428,35
ig_202.vasp,-4642.57935243,332,0.64102,34
ig_203.vasp,-4642.61716035,328,0.63884,30
ig_204.vasp,-4642.56026243,340,0.64563,34
ig_205.vasp,-4642.58858333,336,0.62985,32
ig_206.vasp,-4642.68700464,316,0.54135,26
ig_207.vasp,-4642.63731921,324,0.59723,30
ig_208.vasp,-4642.65515185,320,0.55337,32
ig_209.vasp,-4642.65022496,324,0.594,30
ig_210.vasp,-4642.540797,348,0.65232,34
ig_211.vasp,-4642.63177337,320,0.60679,32
ig_212.vasp,-4642.57116813,320,0.62642,33
ig_213.vasp,-4642.61340711,336,0.61014,30
ig_214.vasp,-4642.61023033,328,0.62265,36
ig_215.vasp,-4642.61071801,324,0.61964,32
ig_216.vasp,-4642.60002823,320,0.589,34
ig_217.vasp,-4642.60459382,328,0.62556,32
ig_218.vasp,-4642.61477828,336,0.61367,30
ig_219.vasp,-4642.659677,316,0.57867,28
ig_220.vasp,-4642.61635127,332,0.62225,30
ig_221.vasp,-4642.68394995,312,0.54576,30
ig_222.vasp,-4642.6238979,324,0.58629,34
ig_223.vasp,-4642.65217256,324,0.60047,30
ig_224.vasp,-4642.64123453,324,0.61104,30
ig_225.vasp,-4642.64097968,324,0.60218,30
ig_226.vasp,-4642.58206414,340,0.65257,32
ig_227.vasp,-4642.66527121,320,0.58851,28
ig_228.vasp,-4642.63691196,320,0.61503,32
ig_229.vasp,-4642.63910204,320,0.58021,30
ig_230.vasp,-4642.57977595,332,0.64162,32
ig_231.vasp,-4642.63232108,324,0.64079,30
ig_232.vasp,-4642.6305385,324,0.6207,30
ig_233.vasp,-4642.63714784,320,0.58636,32
ig_234.vasp,-4642.52926336,344,0.68157,36
ig_235.vasp,-4642.62871291,324,0.59774,30
ig_236.vasp,-4642.59330011,340,0.6269,30
ig_237.vasp,-4642.56507989,336,0.64107,34
ig_238.vasp,-4642.59384745,336,0.61221,30
ig_239.vasp,-4642.64006739,320,0.58497,30
ig_240.vasp,-4642.61305657,332,0.63867,32
ig_241.vasp,-4642.62281723,324,0.62855,32
ig_242.vasp,-4642.58950547,328,0.64856,34
ig_243.vasp,-4642.58188401,336,0.65196,31
ig_244.vasp,-4642.66805157,316,0.55282,30
ig_245.vasp,-4642.64382798,320,0.61182,30
ig_246.vasp,-4642.6672455,316,0.5343,30
ig_247.vasp,-4642.58770331,332,0.62241,32
ig_248.vasp,-4642.55840681,336,0.64624,34
ig_249.vasp,-4642.61402533,320,0.61864,32
ig_250.vasp,-4642.54725885,340,0.67073,36
ig_251.vasp,-4642.61204181,328,0.59051,32
ig_252.vasp,-4642.64811708,320,0.59906,30
ig_253.vasp,-4642.6393507,328,0.58226,28
ig_254.vasp,-4642.62101113,332,0.60455,30
ig_255.vasp,-4642.59116802,328,0.61678,34
ig_256.vasp,-4642.60950467,328,0.62822,32
ig_257.vasp,-4642.65471527,324,0.57589,30
ig_258.vasp,-4642.66683994,324,0.58809,28
ig_301.vasp,-4642.56183428,324,0.65337,36
ig_302.vasp,-4642.56507927,336,0.64113,34
ig_303.vasp,-4642.66002056,320,0.56222,30
ig_304.vasp,-4642.60312419,324,0.62557,34
ig_305.vasp,-4642.63290063,320,0.60049,32
ig_306.vasp,-4642.59659865,336,0.63903,34
ig_307.vasp,-4642.54417869,324,0.61632,38
ig_308.vasp,-4642.63862819,324,0.58752,30
ig_309.vasp,-4642.54279631,348,0.66109,34
ig_310.vasp,-4642.62186572,328,0.61876,32
ig_311.vasp,-4642.61234907,328,0.63754,30
ig_312.vasp,-4642.60206878,324,0.60629,34
ig_313.vasp,-4642.61041784,332,0.62576,32
ig_314.vasp,-4642.61559943,328,0.63145,32
ig_315.vasp,-4642.58421722,332,0.62261,34
ig_316.vasp,-4642.63716477,320,0.57892,34
ig_317.vasp,-4642.61937656,332,0.62389,30
ig_318.vasp,-4642.58078277,336,0.66323,29
ig_319.vasp,-4642.64470749,328,0.60339,30
ig_320.vasp,-4642.60110807,328,0.62187,32
ig_321.vasp,-4642.61344513,320,0.60702,32
ig_322.vasp,-4642.66726457,320,0.56861,30
ig_323.vasp,-4642.60007386,336,0.61007,30
ig_324.vasp,-4642.63292179,328,0.59929,30
ig_325.vasp,-4642.5904454,332,0.62096,34
ig_326.vasp,-4642.56070128,340,0.6735,34
ig_327.vasp,-4642.59330012,340,0.6269,30
ig_328.vasp,-4642.60517709,328,0.60182,32
ig_329.vasp,-4642.62540559,320,0.59483,32
ig_330.vasp,-4642.6340173,328,0.61074,30
ig_331.vasp,-4642.61203255,328,0.63403,31
ig_332.vasp,-4642.58644913,336,0.62691,32
ig_333.vasp,-4642.60350664,320,0.60087,32
ig_334.vasp,-4642.55141185,340,0.64104,36
ig_335.vasp,-4642.56070127,340,0.6735,34
ig_336.vasp,-4642.65608636,320,0.57285,30
ig_337.vasp,-4642.64764988,320,0.59402,28
ig_338.vasp,-4642.59153273,328,0.619,34
ig_339.vasp,-4642.69297453,320,0.57842,28
ig_340.vasp,-4642.63834838,320,0.57864,32
ig_341.vasp,-4642.64006739,320,0.58497,30
ig_342.vasp,-4642.67406877,320,0.55273,26
ig_343.vasp,-4642.6591883,316,0.54228,32
ig_344.vasp,-4642.63901921,320,0.58655,32
ig_345.vasp,-4642.54961491,348,0.68438,32
ig_346.vasp,-4642.52926333,344,0.68157,36
ig_347.vasp,-4642.58705668,332,0.63451,33
ig_348.vasp,-4642.62380505,328,0.62169,30
ig_349.vasp,-4642.66488853,320,0.56772,28
ig_350.vasp,-4642.59758456,324,0.58263,32
ig_351.vasp,-4642.66022138,316,0.56575,32
ig_352.vasp,-4642.66710305,320,0.57824,30
ig_353.vasp,-4642.59028057,336,0.63228,32
ig_354.vasp,-4642.67825185,312,0.53856,30
ig_355.vasp,-4642.61254679,328,0.58958,32
ig_356.vasp,-4642.62727242,332,0.61898,30
ig_357.vasp,-4642.53396449,340,0.66934,34
ig_358.vasp,-4642.61165209,324,0.60829,34
ig_359.vasp,-4642.58501862,340,0.67646,30
ig_360.vasp,-4642.6221433,316,0.56444,36
ig_361.vasp,-4642.57977595,332,0.64162,32
ig_362.vasp,-4642.61095246,328,0.63635,32
ig_363.vasp,-4642.57893293,320,0.66557,36
ig_364.vasp,-4642.62218191,324,0.62456,31
ig_365.vasp,-4642.6704708,316,0.56318,30
ig_366.vasp,-4642.62450922,328,0.60039,32
ig_367.vasp,-4642.55760724,344,0.66366,34
ig_368.vasp,-4642.6651685,320,0.53713,26
ig_369.vasp,-4642.5888449,336,0.61352,32
ig_370.vasp,-4642.57464193,340,0.61897,32
ig_371.vasp,-4642.576846,320,0.64858,36
ig_372.vasp,-4642.61275434,332,0.6284,32
ig_373.vasp,-4642.6340173,328,0.61074,30
ig_374.vasp,-4642.56123444,332,0.65244,32
ig_375.vasp,-4642.62456775,324,0.61727,32
ig_376.vasp,-4642.52860109,356,0.66679,34
ig_377.vasp,-4642.58384423,332,0.63461,34
ig_378.vasp,-4642.60288229,332,0.58809,34
ig_379.vasp,-4642.67154548,320,0.58554,28
ig_380.vasp,-4642.57213056,344,0.64864,32
ig_381.vasp,-4642.66989591,320,0.58259,28
ig_382.vasp,-4642.62450925,328,0.60039,32
ig_383.vasp,-4642.59375352,332,0.61461,32
ig_384.vasp,-4642.6026357,336,0.62108,30
ig_385.vasp,-4642.58541283,336,0.63112,32
ig_386.vasp,-4642.57809031,340,0.64027,32
ig_387.vasp,-4642.5811536,324,0.62829,36
ig_388.vasp,-4642.55008157,340,0.65872,34
ig_389.vasp,-4642.62434771,324,0.58255,32
ig_390.vasp,-4642.53582615,348,0.6655,34
ig_391.vasp,-4642.63657947,324,0.60588,32
ig_392.vasp,-4642.63177338,320,0.60679,32
ig_393.vasp,-4642.60984961,328,0.60561,32
ig_394.vasp,-4642.58743956,336,0.61531,30
ig_395.vasp,-4642.57798186,336,0.64724,32
ig_396.vasp,-4642.62833028,324,0.58814,30
ig_397.vasp,-4642.60360597,336,0.63533,28
ig_398.vasp,-4642.61654358,320,0.60176,34
ig_399.vasp,-4642.57200184,340,0.63601,32
ig_400.vasp,-4642.61717993,332,0.61378,30
ig_401.vasp,-4642.62696199,320,0.5892,34
ig_402.vasp,-4642.60891799,328,0.63715,33
ig_403.vasp,-4642.64831792,324,0.58572,30
ig_404.vasp,-4642.63499166,320,0.59669,32
ig_405.vasp,-4642.63404701,320,0.5813,30
ig_406.vasp,-4642.61673924,328,0.61282,32
ig_407.vasp,-4642.64607678,320,0.57644,32
ig_408.vasp,-4642.64612503,312,0.57306,28
ig_409.vasp,-4642.64442118,324,0.58404,30
ig_410.vasp,-4642.57997629,340,0.64665,32
ig_411.vasp,-4642.6002255,332,0.66731,27
ig_412.vasp,-4642.61721519,320,0.63754,32
ig_413.vasp,-4642.56485957,344,0.63782,32
ig_414.vasp,-4642.62835191,328,0.60567,30
ig_415.vasp,-4642.59145403,336,0.60964,32
ig_416.vasp,-4642.53522039,344,0.70306,34
ig_417.vasp,-4642.62026114,316,0.56677,32
ig_418.vasp,-4642.64651971,320,0.62023,30
ig_419.vasp,-4642.6704708,316,0.56318,30
ig_420.vasp,-4642.67914996,316,0.53157,28
ig_421.vasp,-4642.62062451,328,0.62245,30
ig_422.vasp,-4642.62862876,328,0.6073,30
ig_423.vasp,-4642.66611413,320,0.56768,30
ig_424.vasp,-4642.58100854,328,0.64603,32
ig_425.vasp,-4642.60839181,328,0.63313,32
ig_426.vasp,-4642.67587139,316,0.53076,30
ig_427.vasp,-4642.64060245,324,0.58272,28
ig_428.vasp,-4642.60436059,328,0.60791,34
ig_429.vasp,-4642.62465808,320,0.60641,32
ig_430.vasp,-4642.65189736,324,0.57746,30
ig_431.vasp,-4642.61609661,332,0.58116,32
ig_432.vasp,-4642.61189614,324,0.61969,32
ig_433.vasp,-4642.64239016,316,0.58897,32
ig_434.vasp,-4642.62091599,332,0.61178,30
ig_435.vasp,-4642.66014506,312,0.52446,36
ig_436.vasp,-4642.62881921,328,0.61257,30
ig_437.vasp,-4642.49192617,336,0.70848,38
ig_438.vasp,-4642.60229928,332,0.63172,32
ig_439.vasp,-4642.60870266,328,0.62086,32
ig_440.vasp,-4642.61942004,324,0.60407,34
ig_441.vasp,-4642.55589193,348,0.67446,34
ig_442.vasp,-4642.63161089,324,0.58472,32
ig_443.vasp,-4642.68779963,312,0.51858,28
ig_444.vasp,-4642.66610735,324,0.59305,28
ig_445.vasp,-4642.58385112,340,0.6389,32
ig_446.vasp,-4642.6514567,324,0.58914,30
ig_447.vasp,-4642.60758553,320,0.57897,32
ig_448.vasp,-4642.61253084,328,0.61377,32
ig_449.vasp,-4642.57200184,340,0.63601,32
ig_450.vasp,-4642.59994799,332,0.63291,32
ig_451.vasp,-4642.60907043,332,0.62071,30
ig_452.vasp,-4642.61532076,324,0.59185,34
ig_453.vasp,-4642.60758066,320,0.5924,34
ig_454.vasp,-4642.64167455,324,0.59547,30
ig_455.vasp,-4642.65302875,324,0.57955,30
ig_456.vasp,-4642.6036245,324,0.61857,34
ig_457.vasp,-4642.65323908,328,0.59048,28
ig_458.vasp,-4642.58872758,336,0.6345,32
ig_459.vasp,-4642.60891984,328,0.63714,33
ig_460.vasp,-4642.46451059,348,0.74844,38
ig_461.vasp,-4642.59384332,336,0.62915,32
ig_462.vasp,-4642.66087322,316,0.54229,30
ig_463.vasp,-4642.57570421,332,0.62765,36
ig_464.vasp,-4642.6605267,316,0.58808,32
ig_465.vasp,-4642.63715845,324,0.60106,30
ig_466.vasp,-4642.6284842,332,0.61633,30
ig_467.vasp,-4642.61969125,324,0.62403,32
ig_468.vasp,-4642.57002779,344,0.65112,32
ig_469.vasp,-4642.61871952,328,0.63032,32
ig_470.vasp,-4642.64797912,324,0.59097,30
ig_471.vasp,-4642.59115575,328,0.63356,34
ig_472.vasp,-4642.60554115,324,0.63259,34
ig_473.vasp,-4642.59116542,328,0.61654,34
ig_474.vasp,-4642.56189734,340,0.64604,34
ig_475.vasp,-4642.64016404,324,0.5841,32
ig_476.vasp,-4642.59224287,320,0.61793,36
ig_477.vasp,-4642.59131053,324,0.63908,33
ig_478.vasp,-4642.62026191,316,0.56672,32
ig_479.vasp,-4642.60341849,328,0.64525,32
ig_480.vasp,-4642.62695047,320,0.63027,32
ig_481.vasp,-4642.63256603,328,0.58173,28
ig_482.vasp,-4642.62039772,324,0.62017,34
ig_483.vasp,-4642.61402955,332,0.61582,32
ig_484.vasp,-4642.6802287,324,0.59209,28
ig_485.vasp,-4642.62477158,324,0.59345,30
ig_486.vasp,-4642.54618245,328,0.65834,35
ig_487.vasp,-4642.65830169,316,0.56924,28
ig_488.vasp,-4642.68920065,320,0.55925,28
ig_489.vasp,-4642.57937502,324,0.68543,34
ig_490.vasp,-4642.57587295,332,0.62175,34
ig_491.vasp,-4642.66793448,320,0.59781,28
ig_492.vasp,-4642.5698672,332,0.65466,34
ig_493.vasp,-4642.56464733,340,0.63305,34
ig_494.vasp,-4642.63471988,328,0.61572,30
ig_495.vasp,-4642.59796273,320,0.62572,32
ig_496.vasp,-4642.69489814,316,0.54546,26
ig_497.vasp,-4642.57353247,336,0.61802,32
ig_498.vasp,-4642.49192612,336,0.70847,38
ig_499.vasp,-4642.63732222,328,0.58523,30
ig_500.vasp,-4642.58028575,332,0.63562,34
luis_501.vasp,-4642.59085496,332,0.59908,30
luis_502.vasp,-4642.68454775,316,0.54349,28
luis_503.vasp,-4642.63401731,328,0.61075,30
luis_504.vasp,-4642.58955968,328,0.65136,34
luis_505.vasp,-4642.64721296,324,0.57288,30
luis_506.vasp,-4642.64442114,324,0.58404,30
luis_507.vasp,-4642.58934265,332,0.62865,34
luis_508.vasp,-4642.5640348,328,0.61956,34
luis_509.vasp,-4642.63696938,324,0.60637,30
luis_510.vasp,-4642.6444212,324,0.58404,30
luis_511.vasp,-4642.58188401,336,0.65196,31
luis_512.vasp,-4642.65609238,316,0.5484,32
luis_513.vasp,-4642.53396449,340,0.66934,34
luis_514.vasp,-4642.57749044,324,0.63652,34
luis_515.vasp,-4642.62592232,320,0.56924,32
luis_516.vasp,-4642.63055422,320,0.55522,32
luis_517.vasp,-4642.6169009,320,0.58011,30
luis_518.vasp,-4642.58705728,332,0.63454,33
luis_519.vasp,-4642.62732922,324,0.59521,33
luis_520.vasp,-4642.60327884,320,0.58858,32
luis_521.vasp,-4642.62235261,320,0.59254,34
luis_522.vasp,-4642.56909371,328,0.65947,36
luis_523.vasp,-4642.60341839,328,0.64525,32
luis_524.vasp,-4642.66468646,320,0.56053,30
luis_525.vasp,-4642.61234904,328,0.63754,30
luis_526.vasp,-4642.52716932,352,0.68906,32
luis_527.vasp,-4642.61656661,316,0.57886,32
luis_528.vasp,-4642.62050512,324,0.58078,34
luis_529.vasp,-4642.60436059,328,0.60791,34
luis_530.vasp,-4642.58384422,332,0.63461,34
luis_531.vasp,-4642.64098917,312,0.54417,34
luis_532.vasp,-4642.58516054,336,0.67301,34
luis_533.vasp,-4642.62994739,324,0.58422,32
luis_534.vasp,-4642.54618242,328,0.65834,35
luis_535.vasp,-4642.6562442,316,0.58863,28
luis_536.vasp,-4642.58756936,324,0.66209,34
luis_537.vasp,-4642.57568543,336,0.6389,32
luis_538.vasp,-4642.64470749,328,0.60339,30
luis_539.vasp,-4642.54817585,328,0.67349,36
luis_540.vasp,-4642.61744927,332,0.62199,30
luis_541.vasp,-4642.57998975,336,0.61992,34
luis_542.vasp,-4642.58674629,332,0.64286,28
luis_543.vasp,-4642.55500918,328,0.64043,36
luis_544.vasp,-4642.68614146,316,0.55822,28
luis_545.vasp,-4642.58384427,332,0.63461,34
luis_546.vasp,-4642.62399417,320,0.5742,32
luis_547.vasp,-4642.66683994,324,0.58809,28
luis_548.vasp,-4642.59966477,324,0.60699,33
luis_549.vasp,-4642.50819319,348,0.6893,34
luis_550.vasp,-4642.58573317,332,0.64292,34
luis_551.vasp,-4642.66745455,320,0.54228,28
luis_552.vasp,-4642.67199951,316,0.55961,30
luis_553.vasp,-4642.6081309,324,0.57528,34
luis_554.vasp,-4642.58756939,324,0.66209,34
luis_555.vasp,-4642.59384332,336,0.62915,32
luis_556.vasp,-4642.62581859,320,0.6062,32
luis_557.vasp,-4642.581884,336,0.65196,31
luis_558.vasp,-4642.61949132,320,0.57553,34
luis_559.vasp,-4642.61784775,328,0.60617,32
luis_560.vasp,-4642.66291601,320,0.5689,30
luis_561.vasp,-4642.57240031,344,0.64588,32
luis_562.vasp,-4642.62711812,324,0.61401,32
luis_563.vasp,-4642.58293788,332,0.64403,33
luis_564.vasp,-4642.5850564,336,0.61876,34
luis_565.vasp,-4642.66611415,320,0.56768,30
luis_566.vasp,-4642.57205405,328,0.64942,33
luis_567.vasp,-4642.68481774,312,0.52407,28
luis_568.vasp,-4642.55784029,332,0.63677,36
luis_569.vasp,-4642.65711589,316,0.57424,30
luis_570.vasp,-4642.58717488,328,0.63183,34
luis_571.vasp,-4642.62348975,312,0.57014,30
luis_572.vasp,-4642.56988169,344,0.63803,32
luis_573.vasp,-4642.65759547,320,0.57568,28
luis_574.vasp,-4642.62020421,328,0.62737,30
luis_575.vasp,-4642.64239015,316,0.58897,32
luis_576.vasp,-4642.60655314,328,0.6431,32
luis_577.vasp,-4642.61280175,324,0.62101,32
luis_578.vasp,-4642.53445993,348,0.71462,31
luis_579.vasp,-4642.56909371,328,0.65947,36
luis_580.vasp,-4642.61703581,320,0.60898,34
luis_581.vasp,-4642.60035,324,0.6295,32
luis_582.vasp,-4642.61592263,332,0.59616,32
luis_583.vasp,-4642.65022496,324,0.594,30
luis_584.vasp,-4642.46604796,348,0.75833,38
luis_585.vasp,-4642.63602193,324,0.59025,30
luis_586.vasp,-4642.62060648,324,0.62531,32
luis_587.vasp,-4642.62870192,324,0.59043,30
luis_588.vasp,-4642.62924352,324,0.60481,32
luis_589.vasp,-4642.67962026,312,0.53994,26
luis_590.vasp,-4642.62695048,320,0.63027,32
luis_591.vasp,-4642.6471889,324,0.57696,30
luis_592.vasp,-4642.6252322,320,0.59202,32
luis_593.vasp,-4642.63266044,324,0.62792,30
luis_594.vasp,-4642.66088062,320,0.56618,30
luis_595.vasp,-4642.57845727,336,0.63101,36
luis_596.vasp,-4642.63292214,328,0.59925,30
luis_597.vasp,-4642.56070127,340,0.6735,34
luis_598.vasp,-4642.54930581,332,0.64124,36
luis_599.vasp,-4642.58293791,332,0.64403,33
luis_600.vasp,-4642.60384654,328,0.59952,32
luis_601.vasp,-4642.63179484,324,0.61391,30
luis_602.vasp,-4642.62539364,320,0.59933,32
luis_603.vasp,-4642.59769704,320,0.63361,34
luis_604.vasp,-4642.64580537,328,0.60389,28
luis_605.vasp,-4642.64784762,320,0.61982,30
luis_606.vasp,-4642.63490402,320,0.60828,32
luis_607.vasp,-4642.59255977,320,0.62237,32
luis_608.vasp,-4642.55316774,344,0.65459,34
luis_609.vasp,-4642.59163244,336,0.65432,32
luis_610.vasp,-4642.64239007,316,0.58896,32
luis_611.vasp,-4642.6319353,320,0.57122,32
luis_612.vasp,-4642.65184373,324,0.58362,30
luis_613.vasp,-4642.59330853,324,0.63219,32
luis_614.vasp,-4642.63365195,320,0.60286,32
luis_615.vasp,-4642.59115581,328,0.63355,34
luis_616.vasp,-4642.62436469,328,0.62059,32
luis_617.vasp,-4642.58424781,328,0.59868,34
luis_618.vasp,-4642.64506894,320,0.61237,30
luis_619.vasp,-4642.64894072,320,0.57271,30
luis_620.vasp,-4642.63964151,324,0.57796,30
luis_622.vasp,-4642.6434404,328,0.57787,28
luis_623.vasp,-4642.6841726,320,0.57411,28
luis_624.vasp,-4642.62489886,320,0.59598,32
luis_625.vasp,-4642.48423545,356,0.7509,36
luis_626.vasp,-4642.65635129,324,0.60176,30
luis_627.vasp,-4642.59639922,336,0.63685,32
luis_628.vasp,-4642.62553283,332,0.617,30
luis_629.vasp,-4642.53109269,344,0.69026,34
luis_630.vasp,-4642.62747797,324,0.57519,32
luis_631.vasp,-4642.68394995,312,0.54576,30
luis_632.vasp,-4642.6056542,332,0.62713,32
luis_633.vasp,-4642.63769731,328,0.59444,32
luis_634.vasp,-4642.64683665,324,0.62307,30
luis_635.vasp,-4642.59639922,336,0.63686,32
luis_636.vasp,-4642.59609921,336,0.62904,32
luis_637.vasp,-4642.66488779,320,0.56779,28
luis_638.vasp,-4642.59666265,328,0.62165,32
luis_639.vasp,-4642.58950847,328,0.6486,34
luis_640.vasp,-4642.57312037,328,0.64733,34
luis_641.vasp,-4642.59063376,336,0.62209,32
luis_642.vasp,-4642.64239016,316,0.58897,32
luis_643.vasp,-4642.64097732,324,0.63275,29
luis_644.vasp,-4642.60024711,324,0.63701,34
luis_645.vasp,-4642.63983524,320,0.57503,32
luis_646.vasp,-4642.65098965,324,0.59208,30
luis_647.vasp,-4642.68143033,312,0.5276,28
luis_648.vasp,-4642.64802054,324,0.57883,30
luis_649.vasp,-4642.55316774,344,0.65459,34
luis_650.vasp,-4642.58002181,324,0.62331,34
luis_651.vasp,-4642.58775032,332,0.62564,32
luis_652.vasp,-4642.61703581,320,0.60898,34
luis_653.vasp,-4642.57044117,340,0.62825,34
luis_654.vasp,-4642.66197987,320,0.54286,28
luis_655.vasp,-4642.62462958,324,0.6207,32
luis_656.vasp,-4642.61353187,328,0.61771,30
luis_657.vasp,-4642.65863784,324,0.58749,28
luis_658.vasp,-4642.65190331,324,0.56905,28
luis_659.vasp,-4642.61344513,320,0.60702,32
luis_660.vasp,-4642.66793451,320,0.59781,28
luis_661.vasp,-4642.60971705,328,0.61765,32
luis_662.vasp,-4642.64752889,320,0.57554,28
luis_663.vasp,-4642.59961834,324,0.61388,34
luis_664.vasp,-4642.67325945,320,0.57846,28
luis_665.vasp,-4642.58555538,324,0.65635,34
luis_666.vasp,-4642.57970633,340,0.63003,30
luis_667.vasp,-4642.626962,320,0.5892,34
luis_668.vasp,-4642.63089712,332,0.60253,30
luis_669.vasp,-4642.5816516,324,0.65678,34
luis_670.vasp,-4642.61344513,320,0.60702,32
luis_671.vasp,-4642.66941327,320,0.57428,30
luis_672.vasp,-4642.65886167,320,0.55902,30
luis_673.vasp,-4642.55573326,344,0.64396,34
luis_674.vasp,-4642.65674769,316,0.5922,30
luis_675.vasp,-4642.62361087,328,0.61642,30
luis_676.vasp,-4642.55008157,340,0.65872,34
luis_677.vasp,-4642.59394573,324,0.59386,32
luis_678.vasp,-4642.59769704,320,0.63361,34
luis_679.vasp,-4642.61883612,324,0.57217,30
luis_680.vasp,-4642.70081204,316,0.53676,26
luis_681.vasp,-4642.60835634,332,0.60866,30
luis_682.vasp,-4642.65553877,316,0.57703,32
luis_683.vasp,-4642.53922797,340,0.64443,34
luis_684.vasp,-4642.61213096,332,0.59693,30
luis_685.vasp,-4642.66141657,316,0.55868,32
luis_686.vasp,-4642.65103437,324,0.5817,30
luis_687.vasp,-4642.67404668,320,0.58919,28
luis_688.vasp,-4642.57330901,336,0.64932,34
luis_689.vasp,-4642.62114942,328,0.61201,32
luis_690.vasp,-4642.58384422,332,0.63461,34
luis_691.vasp,-4642.65419187,320,0.57319,30
luis_692.vasp,-4642.62811659,324,0.60307,34
luis_693.vasp,-4642.58717491,328,0.63183,34
luis_694.vasp,-4642.62255374,328,0.60973,32
luis_695.vasp,-4642.63148076,324,0.5855,32
luis_696.vasp,-4642.6706912,324,0.5818,28
luis_697.vasp,-4642.54874689,328,0.67346,36
luis_698.vasp,-4642.60267727,336,0.61549,32
luis_699.vasp,-4642.6364658,324,0.582,32
luis_700.vasp,-4642.61635127,332,0.62225,30
luis_701.vasp,-4642.64098917,312,0.54417,34
luis_702.vasp,-4642.6221433,316,0.56444,36
luis_703.vasp,-4642.58298558,328,0.62262,36
luis_704.vasp,-4642.63217409,324,0.58234,32
luis_705.vasp,-4642.59013168,324,0.65277,34
luis_706.vasp,-4642.66200611,320,0.55574,28
luis_707.vasp,-4642.63807713,324,0.60439,30
luis_708.vasp,-4642.58786197,332,0.6334,33
luis_709.vasp,-4642.69489818,316,0.54546,26
luis_710.vasp,-4642.5659688,340,0.65365,34
luis_711.vasp,-4642.66074448,316,0.54615,32
luis_712.vasp,-4642.52261246,336,0.68489,36
luis_713.vasp,-4642.64218549,316,0.58269,32
luis_714.vasp,-4642.56379389,344,0.63964,32
luis_715.vasp,-4642.57970633,340,0.63003,30
luis_716.vasp,-4642.48423545,356,0.7509,36
luis_717.vasp,-4642.58749688,328,0.6319,35
luis_718.vasp,-4642.62958088,328,0.58613,30
luis_719.vasp,-4642.6249055,320,0.60239,34
luis_720.vasp,-4642.61359929,332,0.60074,30
luis_721.vasp,-4642.68457319,320,0.55489,26
luis_722.vasp,-4642.56986738,332,0.65464,34
luis_723.vasp,-4642.57223533,332,0.65151,34
luis_724.vasp,-4642.59701955,332,0.61825,32
luis_725.vasp,-4642.63476756,320,0.60274,32
luis_726.vasp,-4642.5489885,324,0.64208,38
luis_727.vasp,-4642.69386298,312,0.53239,28
luis_728.vasp,-4642.55316773,344,0.65459,34
luis_729.vasp,-4642.58385112,340,0.6389,32
luis_730.vasp,-4642.62519799,328,0.5897,30
luis_731.vasp,-4642.52155126,336,0.67746,34
luis_732.vasp,-4642.60263569,336,0.62108,30
luis_733.vasp,-4642.63499165,320,0.59669,32
luis_734.vasp,-4642.6370605,328,0.62329,30
luis_735.vasp,-4642.68394995,312,0.54576,30
luis_736.vasp,-4642.5610373,324,0.61682,38
luis_737.vasp,-4642.64097968,324,0.60218,30
luis_738.vasp,-4642.61425417,328,0.59283,32
luis_739.vasp,-4642.62477154,324,0.59345,30
luis_740.vasp,-4642.60341843,328,0.64525,32
luis_741.vasp,-4642.64590579,316,0.55152,32
luis_742.vasp,-4642.59858137,332,0.64939,32
luis_743.vasp,-4642.58646863,332,0.65715,30
luis_744.vasp,-4642.62811821,324,0.60312,34
luis_745.vasp,-4642.59994777,332,0.63291,32
luis_746.vasp,-4642.65829979,316,0.56918,28
luis_747.vasp,-4642.62223425,328,0.62123,30
luis_748.vasp,-4642.58879454,332,0.61166,34
luis_749.vasp,-4642.62612614,316,0.56478,34
luis_750.vasp,-4642.67271244,320,0.58033,28
luis_751.vasp,-4642.63725888,320,0.59299,32
luis_752.vasp,-4642.65005708,320,0.55826,30
luis_753.vasp,-4642.6036245,324,0.61857,34
luis_754.vasp,-4642.57489134,328,0.62185,35
luis_755.vasp,-4642.6230908,320,0.58866,32
luis_756.vasp,-4642.60565426,332,0.62713,32
luis_757.vasp,-4642.62140443,316,0.57077,32
luis_758.vasp,-4642.61041785,332,0.62576,32
luis_759.vasp,-4642.65830063,316,0.56928,28
luis_760.vasp,-4642.59546188,328,0.6372,33
luis_761.vasp,-4642.61794623,324,0.6016,32
luis_762.vasp,-4642.6621309,320,0.5813,28
luis_763.vasp,-4642.62524082,328,0.60242,30
luis_764.vasp,-4642.57935247,332,0.64102,34
luis_765.vasp,-4642.62091599,332,0.61178,30
luis_766.vasp,-4642.67587138,316,0.53076,30
luis_767.vasp,-4642.64421808,324,0.58095,30
luis_768.vasp,-4642.65534248,324,0.58172,28
luis_769.vasp,-4642.55100776,344,0.6469,36
luis_770.vasp,-4642.66549864,320,0.57224,30
luis_771.vasp,-4642.57744018,328,0.64707,34
luis_772.vasp,-4642.62050512,324,0.58079,34
luis_773.vasp,-4642.67727287,320,0.58314,28
luis_774.vasp,-4642.6039849,332,0.61195,34
luis_775.vasp,-4642.66745495,320,0.54225,28
luis_776.vasp,-4642.61504377,324,0.59299,32
luis_777.vasp,-4642.56179056,348,0.64727,32
luis_778.vasp,-4642.59991557,332,0.63331,32
luis_779.vasp,-4642.63343627,316,0.59173,32
luis_780.vasp,-4642.6340084,324,0.59621,32
luis_781.vasp,-4642.6151634,328,0.61694,32
luis_782.vasp,-4642.56347286,332,0.656,32
luis_783.vasp,-4642.67174956,324,0.59244,28
luis_784.vasp,-4642.67755463,316,0.5366,28
luis_785.vasp,-4642.61770035,328,0.60596,32
luis_786.vasp,-4642.64167453,324,0.59547,30
luis_787.vasp,-4642.6520972,324,0.56833,30
luis_788.vasp,-4642.59901299,324,0.62952,32
luis_789.vasp,-4642.64944394,324,0.59021,30
luis_790.vasp,-4642.59029117,324,0.61885,34
luis_791.vasp,-4642.56314047,320,0.61938,36
luis_792.vasp,-4642.63490572,328,0.59363,30
luis_793.vasp,-4642.66600601,304,0.47922,40
luis_794.vasp,-4642.67914995,316,0.53157,28
luis_795.vasp,-4642.61044013,324,0.61208,32
luis_796.vasp,-4642.54875731,344,0.68588,32
luis_797.vasp,-4642.55316774,344,0.65459,34
luis_798.vasp,-4642.61432567,324,0.61322,34
luis_799.vasp,-4642.6639576,316,0.57175,30
luis_800.vasp,-4642.60364133,324,0.60945,34
luis_801.vasp,-4642.65229756,324,0.58789,30
luis_802.vasp,-4642.57640475,328,0.65037,34
luis_803.vasp,-4642.52047647,352,0.69991,34
luis_804.vasp,-4642.64802042,324,0.57883,30
luis_805.vasp,-4642.5902061,336,0.62926,32
luis_806.vasp,-4642.58078271,336,0.66322,29
luis_807.vasp,-4642.62805725,328,0.64165,32
luis_808.vasp,-4642.59070148,332,0.63188,32
luis_809.vasp,-4642.59675149,340,0.62499,30
luis_810.vasp,-4642.58674623,332,0.64284,28
luis_811.vasp,-4642.67675751,312,0.53084,32
luis_812.vasp,-4642.66414133,324,0.57346,28
luis_813.vasp,-4642.66562736,324,0.59443,28
luis_814.vasp,-4642.62676261,328,0.61566,30
luis_815.vasp,-4642.66988214,320,0.5793,28
luis_816.vasp,-4642.63714784,320,0.58636,32
luis_817.vasp,-4642.61184343,324,0.59951,32
luis_818.vasp,-4642.61168693,320,0.59639,34
luis_819.vasp,-4642.64123452,324,0.61104,30
luis_820.vasp,-4642.64707144,320,0.57583,32
luis_821.vasp,-4642.67589262,320,0.54966,26
luis_822.vasp,-4642.65098967,324,0.59208,30
luis_823.vasp,-4642.6308971,332,0.60253,30
luis_824.vasp,-4642.60108058,332,0.62361,32
luis_825.vasp,-4642.58558441,336,0.64093,32
luis_826.vasp,-4642.59961834,324,0.61388,34
luis_827.vasp,-4642.58900892,336,0.64162,32
luis_828.vasp,-4642.60841283,324,0.61248,32
luis_829.vasp,-4642.56551324,340,0.6301,32
luis_830.vasp,-4642.60683447,332,0.62329,32
luis_831.vasp,-4642.65991975,316,0.5796,30
luis_832.vasp,-4642.59070147,332,0.63188,32
luis_833.vasp,-4642.6226837,320,0.61868,32
luis_834.vasp,-4642.63550988,324,0.60687,30
luis_835.vasp,-4642.61472524,320,0.62198,34
luis_836.vasp,-4642.59626226,324,0.58879,34
luis_837.vasp,-4642.62431325,332,0.61974,30
luis_838.vasp,-4642.64530761,324,0.62505,30
luis_839.vasp,-4642.64693548,320,0.56958,32
luis_840.vasp,-4642.62727242,332,0.61898,30
luis_841.vasp,-4642.62905068,316,0.56709,30
luis_842.vasp,-4642.66611412,320,0.56768,30
luis_843.vasp,-4642.62553278,332,0.617,30
luis_844.vasp,-4642.6136642,320,0.62591,32
luis_845.vasp,-4642.64705612,324,0.56878,28
luis_846.vasp,-4642.59063376,336,0.62209,32
luis_847.vasp,-4642.65882608,320,0.59013,28
luis_848.vasp,-4642.52926328,344,0.68157,36
luis_849.vasp,-4642.53582614,348,0.6655,34
luis_850.vasp,-4642.59444189,328,0.64486,32
luis_851.vasp,-4642.58221713,328,0.64838,34
luis_852.vasp,-4642.6252322,320,0.59202,32
luis_853.vasp,-4642.57533246,336,0.60067,34
luis_854.vasp,-4642.64370849,324,0.59311,30
luis_855.vasp,-4642.65240238,312,0.53213,34
luis_856.vasp,-4642.61915797,328,0.62006,32
luis_857.vasp,-4642.56746916,344,0.65765,32
luis_858.vasp,-4642.66598986,320,0.55377,30
luis_859.vasp,-4642.6596811,324,0.58531,28
luis_860.vasp,-4642.63448972,328,0.603,30
luis_861.vasp,-4642.62848419,332,0.61634,30
luis_862.vasp,-4642.54286498,340,0.68934,34
luis_863.vasp,-4642.55285867,320,0.65565,36
luis_864.vasp,-4642.62188294,324,0.59657,30
luis_865.vasp,-4642.63279241,324,0.62814,30
luis_866.vasp,-4642.61928479,324,0.62147,32
luis_867.vasp,-4642.62471603,328,0.62672,30
luis_868.vasp,-4642.59760213,332,0.63153,34
luis_869.vasp,-4642.62736923,324,0.57932,34
luis_870.vasp,-4642.57997317,324,0.62415,34
luis_871.vasp,-4642.55023531,336,0.64361,33
luis_872.vasp,-4642.54387294,320,0.61046,40
luis_873.vasp,-4642.60968768,324,0.61131,34
luis_874.vasp,-4642.61721521,320,0.63753,32
luis_875.vasp,-4642.62367562,328,0.59281,32
luis_876.vasp,-4642.62041327,328,0.58583,32
luis_877.vasp,-4642.61809443,320,0.61224,34
luis_878.vasp,-4642.64174341,320,0.63596,30
luis_879.vasp,-4642.52716934,352,0.68906,32
luis_880.vasp,-4642.63732222,328,0.58523,30
luis_881.vasp,-4642.62083387,324,0.61406,32
luis_882.vasp,-4642.63845663,328,0.59916,30
